{"training_loss": 5.927764892578125, "training_accuracy": 0.1509670466184616, "test_loss": 5.900041103363037, "test_accuracy": 0.1510920226573944}